"Type","Date","Set Time","Title","Amount","Currency","Exchange Rate","Category Group Name","Category","Account","Notes","Labels","Status"
"Expense","2022-12-30 06:00:22","06:00","Poco F3","-1500.00","PHP","1.0000000000","Shopping","Electronics/Gadgets","Union Bank","","","Void"
"Income","2022-12-29 14:50:00","14:50","Tip","13.00","PHP","1.0000000000","Allowance","Tip","Wallet","","","Reconciled"
"Expense","2022-12-29 12:13:46","12:13","Spotify Premium","-200.00","PHP","1.0000000000","Bills","Online Subscriptions ","GCash","","","Reconciled"
"Income","2022-12-28 13:31:00","13:31","Aguinaldo","1000.00","PHP","1.0000000000","Allowance","Gift","Wallet","","","Reconciled"
"Expense","2022-12-26 19:49:34","19:49","Daddy","-5.00","PHP","1.0000000000","Leisure","Gifts/Treats","Wallet","","","Reconciled"
"Transfer","2022-12-26 15:53:55","15:53","Wallet to Union Bank","-500.00","PHP","1.0000000000","(Transfer)","(Transfer)","Wallet","","","Reconciled"
"Transfer","2022-12-26 15:53:55","15:53","Wallet to Union Bank","500.00","PHP","1.0000000000","(Transfer)","(Transfer)","Union Bank","","","Reconciled"
"Expense","2022-12-26 12:49:57","12:49","Water","-5.00","PHP","1.0000000000","Food","Food & Drinks","Wallet","","","Reconciled"
"Income","2022-12-25 14:40:41","14:40","Aguinaldo","500.00","PHP","1.0000000000","Allowance","Gift","Wallet","","","Reconciled"
"Income","2022-12-25 14:40:34","14:40","Aguinaldo","500.00","PHP","1.0000000000","Allowance","Gift","Wallet","","","Reconciled"
"Income","2022-12-25 14:38:19","14:38","Prize","100.00","PHP","1.0000000000","Allowance","Gift","Wallet","","","Reconciled"
"Income","2022-12-25 14:38:01","14:38","Aguinaldo","1000.00","PHP","1.0000000000","Allowance","Gift","Wallet","","","Reconciled"
"Income","2022-12-23 14:06:16","14:06","Tip (Daddy)","300.00","PHP","1.0000000000","Allowance","Tip","Wallet","","","Reconciled"
"Income","2022-12-23 14:05:57","14:05","Tip (Kuya A)","500.00","PHP","1.0000000000","Allowance","Tip","GCash","","","Reconciled"
"Income","2022-12-22 23:07:00","23:07","Allowance (Kuya A)","500.00","PHP","1.0000000000","Allowance","Allowance","GCash","","","Reconciled"
"Income","2022-12-22 11:34:56","11:34","Allowance (Mommy)","100.00","PHP","1.0000000000","Allowance","Allowance","Wallet","","","Reconciled"
"Expense","2022-12-20 14:33:43","14:33","Bulacan to Elbi","-256.00","PHP","1.0000000000","Transportation","Transportation ","Wallet","","","Reconciled"
"Expense","2022-12-20 11:01:47","11:01","Taho","-20.00","PHP","1.0000000000","Food","Food & Drinks","Wallet","","","Reconciled"
"Expense","2022-12-19 22:04:31","22:04","Cup noodles","-36.00","PHP","1.0000000000","Food","Food & Drinks","Wallet","","","Reconciled"
"Expense","2022-12-19 21:01:10","21:01","Sizzling Liempo","-85.00","PHP","1.0000000000","Food","Dine Out","Wallet","","","Reconciled"
"Income","2022-12-19 14:08:21","14:08","Sold tuna (Iverson)","34.00","PHP","1.0000000000","Others","Others","Wallet","","","Reconciled"
"Expense","2022-12-18 15:18:47","15:18","Star Grocery","-207.00","PHP","1.0000000000","Food","Food & Drinks","Wallet","","","Reconciled"
"Expense","2022-12-18 15:18:06","15:18","Jollibee","-158.00","PHP","1.0000000000","Food","Dine Out","GrabPay","","","Reconciled"
"Expense","2022-12-18 13:05:25","13:05","Bananas","-30.00","PHP","1.0000000000","Food","Food & Drinks","Wallet","","","Reconciled"
"Expense","2022-12-18 11:28:29","11:28","Load","-103.02","PHP","1.0000000000","Bills","Load","GCash","","","Reconciled"
"Expense","2022-12-17 18:24:19","18:24","Dali Grocery","-118.00","PHP","1.0000000000","Food","Food & Drinks","Wallet","","","Reconciled"
"Expense","2022-12-17 13:00:43","13:00","Enteng's Cheesilog","-140.00","PHP","1.0000000000","Food","Dine Out","Wallet","","","Reconciled"
"Expense","2022-12-16 22:43:12","22:43","Ministop","-114.00","PHP","1.0000000000","Food","Dine Out","GCash","","","Reconciled"
"Expense","2022-12-16 18:42:14","18:42","Bulacan to Elbi","-247.00","PHP","1.0000000000","Transportation","Transportation ","Wallet","","","Reconciled"
"Expense","2022-12-15 13:10:13","13:10","Haircut","-60.00","PHP","1.0000000000","Personal Care","Self-Care","Wallet","","","Reconciled"
"Expense","2022-12-14 18:48:45","18:48","Minecraft","-55.00","PHP","1.0000000000","Bills","Online Subscriptions ","GCash","","","Reconciled"
"Expense","2022-12-14 18:47:57","18:47","Food and Drinks","-60.00","PHP","1.0000000000","Food","Food & Drinks","Wallet","","","Reconciled"
"Expense","2022-12-10 20:05:52","20:05","Delight","-26.00","PHP","1.0000000000","Food","Food & Drinks","Wallet","","","Reconciled"
"Expense","2022-12-08 21:09:43","21:09","Water, Delight","-18.00","PHP","1.0000000000","Food","Food & Drinks","Wallet","","","Reconciled"
"Expense","2022-12-08 21:09:30","21:09","Gym","-600.00","PHP","1.0000000000","Personal Care","Health & Fitness","GCash","","","Reconciled"
"Expense","2022-12-08 10:17:33","10:17","Mommy","37.00","PHP","1.0000000000","Leisure","Gifts/Treats","Wallet","","","Reconciled"
"Transfer","2022-12-08 10:13:30","10:13","Binance P2P Gcash","-1396.26","PHP","1.0000000000","(Transfer)","(Transfer)","Binance","","","Reconciled"
"Transfer","2022-12-08 10:13:30","10:13","Binance P2P Gcash","1396.26","PHP","1.0000000000","(Transfer)","(Transfer)","GCash","","","Reconciled"
"Transfer","2022-12-08 10:13:19","10:13","Ronin to Binance","-1400.00","PHP","1.0000000000","(Transfer)","(Transfer)","Ronin","","","Reconciled"
"Transfer","2022-12-08 10:13:19","10:13","Ronin to Binance","1400.00","PHP","1.0000000000","(Transfer)","(Transfer)","Binance","","","Reconciled"
"Income","2022-12-08 10:12:46","10:12","Axie buy and sell","1276.00","PHP","1.0000000000","Investments","Axie Infinity ","Ronin","","","Reconciled"
"Expense","2022-12-07 10:17:13","10:17","Daddy","-20.00","PHP","1.0000000000","Leisure","Gifts/Treats","Wallet","","","Reconciled"
"Expense","2022-12-06 22:18:55","22:18","Elbi to Bulacan","-254.00","PHP","1.0000000000","Transportation","Transportation ","Wallet","","","Reconciled"
"Expense","2022-12-06 22:18:38","22:18","Chocolates","-341.00","PHP","1.0000000000","Leisure","Gifts/Treats","Wallet","","","Reconciled"
"Expense","2022-12-06 22:18:29","22:18","Kimm","75.00","PHP","1.0000000000","Food","Food & Drinks","GCash","","","Reconciled"
"Expense","2022-12-06 14:02:46","14:02","We Deliver","-104.00","PHP","1.0000000000","Food","Dine Out","Wallet","","","Reconciled"
"Expense","2022-12-06 10:05:18","10:05","Linkbiz Portal Fee","-17.00","PHP","1.0000000000","Bills","Transaction Fees","Union Bank","","","Reconciled"
"Expense","2022-12-06 10:05:06","10:05","VetMed dorm fee","-2935.00","PHP","1.0000000000","Bills","Rent","Union Bank","","","Reconciled"
"Expense","2022-12-06 10:04:58","10:04","Instapay","-15.00","PHP","1.0000000000","Bills","Transaction Fees","GCash","","","Reconciled"
"Transfer","2022-12-06 10:04:46","10:04","Gcash to Union Bank","-400.00","PHP","1.0000000000","(Transfer)","(Transfer)","GCash","","","Reconciled"
"Transfer","2022-12-06 10:04:46","10:04","Gcash to Union Bank","400.00","PHP","1.0000000000","(Transfer)","(Transfer)","Union Bank","","","Reconciled"
"Expense","2022-12-06 10:04:38","10:04","Instapay","-14.00","PHP","1.0000000000","Bills","Transaction Fees","Maya","","","Reconciled"
"Transfer","2022-12-06 10:04:22","10:04","Maya to Union Bank","-895.00","PHP","1.0000000000","(Transfer)","(Transfer)","Maya","","","Reconciled"
"Transfer","2022-12-06 10:04:22","10:04","Maya to Union Bank","895.00","PHP","1.0000000000","(Transfer)","(Transfer)","Union Bank","","","Reconciled"
"Expense","2022-12-06 09:52:46","09:52","Kimm","200.00","PHP","1.0000000000","Food","Food & Drinks","GCash","","","Reconciled"
"Expense","2022-12-06 09:44:19","09:44","Tita Tes","-75.00","PHP","1.0000000000","Food","Food & Drinks","Wallet","","","Reconciled"
"Expense","2022-12-05 17:25:45","17:25","Mcdo","-117.00","PHP","1.0000000000","Food","Dine Out","GCash","","","Reconciled"
"Expense","2022-12-05 14:28:09","14:28","Bulacan to Elbi","-247.00","PHP","1.0000000000","Transportation","Transportation ","Wallet","","","Reconciled"
"Expense","2022-12-05 08:32:58","08:32","Delight","-13.00","PHP","1.0000000000","Food","Food & Drinks","GCash","","","Reconciled"
"Expense","2022-12-04 20:07:09","20:07","Gym","-50.00","PHP","1.0000000000","Personal Care","Health & Fitness","GCash","","","Reconciled"
"Expense","2022-12-04 20:06:55","20:06","Gym","-150.00","PHP","1.0000000000","Personal Care","Health & Fitness","Wallet","","","Reconciled"
"Expense","2022-12-04 20:06:26","20:06","Delight","-39.00","PHP","1.0000000000","Food","Food & Drinks","Wallet","","","Reconciled"
"Expense","2022-12-04 20:05:40","20:05","Jeep","-33.00","PHP","1.0000000000","Transportation","Transportation ","Wallet","","","Reconciled"
"Expense","2022-12-04 20:04:53","20:04","ATM Fee","-16.00","PHP","1.0000000000","Bills","Transaction Fees","Union Bank","","","Reconciled"
"Transfer","2022-12-04 20:04:25","20:04","Union Bank to Cash","-2900.00","PHP","1.0000000000","(Transfer)","(Transfer)","Union Bank","","","Reconciled"
"Transfer","2022-12-04 20:04:25","20:04","Union Bank to Cash","2900.00","PHP","1.0000000000","(Transfer)","(Transfer)","Wallet","","","Reconciled"
"Expense","2022-12-02 15:13:08","15:13","Delight","-17.00","PHP","1.0000000000","Food","Food & Drinks","Wallet","","","Reconciled"
"Expense","2022-12-01 15:12:43","15:12","Gym","-50.00","PHP","1.0000000000","Personal Care","Health & Fitness","Wallet","","","Reconciled"
"Expense","2022-11-30 09:35:34","09:35","Louell","200.00","PHP","1.0000000000","Food","Dine Out","GCash","","","Reconciled"
"Income","2022-11-29 19:39:45","19:39","Allowance (Kuya A)","3000.00","PHP","1.0000000000","Allowance","Allowance","Union Bank","","","Reconciled"
"Expense","2022-11-28 16:23:54","16:23","RC cola","-35.00","PHP","1.0000000000","Food","Food & Drinks","GCash","","","Reconciled"
"Expense","2022-11-27 16:23:43","16:23","Mommy","50.00","PHP","1.0000000000","Leisure","Gifts/Treats","Wallet","","","Reconciled"
"Expense","2022-11-27 16:23:33","16:23","Mommy","-20.00","PHP","1.0000000000","Leisure","Gifts/Treats","Wallet","","","Reconciled"
"Expense","2022-11-26 16:23:14","16:23","Daddy","-100.00","PHP","1.0000000000","Leisure","Gifts/Treats","Wallet","","","Reconciled"
"Expense","2022-11-25 14:59:09","14:59","Daddy","-20.00","PHP","1.0000000000","Leisure","Gifts/Treats","Wallet","","","Reconciled"
"Expense","2022-11-25 14:59:02","14:59","Delight","-26.00","PHP","1.0000000000","Food","Food & Drinks","Wallet","","","Reconciled"
"Expense","2022-11-24 19:43:31","19:43","Daddy","-20.00","PHP","1.0000000000","Leisure","Gifts/Treats","Wallet","","","Reconciled"
"Expense","2022-11-24 09:56:27","09:56","Alms","-5.00","PHP","1.0000000000","Leisure","Gifts/Treats","Wallet","","","Reconciled"
"Expense","2022-11-24 07:05:49","07:05","Elbi to Bulacan","-212.00","PHP","1.0000000000","Transportation","Transportation ","Wallet","","","Reconciled"
"Expense","2022-11-23 18:18:36","18:18","Kimm","152.00","PHP","1.0000000000","Food","Food & Drinks","GCash","","","Reconciled"
"Expense","2022-11-23 18:18:23","18:18","Ricoa","-45.00","PHP","1.0000000000","Food","Food & Drinks","Wallet","","","Reconciled"
"Expense","2022-11-23 18:18:08","18:18","Groceries","-413.00","PHP","1.0000000000","Food","Food & Drinks","Wallet","","","Reconciled"
"Income","2022-11-23 15:06:08","15:06","Interest","0.55","PHP","1.0000000000","Others","Others","Maya","","","Reconciled"
"Expense","2022-11-23 11:11:11","11:11","Ulam","-100.00","PHP","1.0000000000","Food","Food & Drinks","Wallet","","","Reconciled"
"Expense","2022-11-23 11:10:58","11:10","Taho","-20.00","PHP","1.0000000000","Food","Food & Drinks","Wallet","","","Reconciled"
"Expense","2022-11-22 18:12:01","18:12","Vitamilk","-24.00","PHP","1.0000000000","Food","Food & Drinks","Wallet","","","Reconciled"
"Expense","2022-11-22 18:11:47","18:11","Ulam","-70.00","PHP","1.0000000000","Food","Food & Drinks","Wallet","","","Reconciled"
"Expense","2022-11-22 15:12:44","15:12","Food and Drinks","-365.00","PHP","1.0000000000","Food","Food & Drinks","Wallet","","","Reconciled"
"Expense","2022-11-21 18:08:42","18:08","Bugong","-172.00","PHP","1.0000000000","Food","Dine Out","GCash","","","Reconciled"
"Expense","2022-11-21 12:09:35","12:09","Jollibee","-135.00","PHP","1.0000000000","Food","Dine Out","GCash","","","Reconciled"
"Expense","2022-11-20 15:08:00","15:08","Groceries","-509.00","PHP","1.0000000000","Food","Food & Drinks","Wallet","","","Reconciled"
"Expense","2022-11-20 15:07:46","15:07","ATM Fee","-16.00","PHP","1.0000000000","Bills","Transaction Fees","Union Bank","","","Reconciled"
"Transfer","2022-11-20 15:07:11","15:07","Union Bank to Cash","-1900.00","PHP","1.0000000000","(Transfer)","(Transfer)","Union Bank","","","Reconciled"
"Transfer","2022-11-20 15:07:11","15:07","Union Bank to Cash","1900.00","PHP","1.0000000000","(Transfer)","(Transfer)","Wallet","","","Reconciled"
"Expense","2022-11-20 15:05:48","15:05","Instapay","-15.00","PHP","1.0000000000","Bills","Transaction Fees","Maya","","","Reconciled"
"Transfer","2022-11-20 15:05:03","15:05","Maya to Union Bank","-1950.00","PHP","1.0000000000","(Transfer)","(Transfer)","Maya","","","Reconciled"
"Transfer","2022-11-20 15:05:03","15:05","Maya to Union Bank","1950.00","PHP","1.0000000000","(Transfer)","(Transfer)","Union Bank","","","Reconciled"
"Expense","2022-11-19 19:18:15","19:18","Groceries","-248.00","PHP","1.0000000000","Food","Food & Drinks","Wallet","","","Reconciled"
"Expense","2022-11-19 19:17:59","19:17","ATM Fee","-16.00","PHP","1.0000000000","Bills","Transaction Fees","Union Bank","","","Reconciled"
"Transfer","2022-11-19 19:17:36","19:17","Union Bank to Cash","-300.00","PHP","1.0000000000","(Transfer)","(Transfer)","Union Bank","","","Reconciled"
"Transfer","2022-11-19 19:17:36","19:17","Union Bank to Cash","300.00","PHP","1.0000000000","(Transfer)","(Transfer)","Wallet","","","Reconciled"
"Transfer","2022-11-19 14:46:58","14:46","Maya to Union Bank","-1500.00","PHP","1.0000000000","(Transfer)","(Transfer)","Maya","","","Reconciled"
"Transfer","2022-11-19 14:46:58","14:46","Maya to Union Bank","1500.00","PHP","1.0000000000","(Transfer)","(Transfer)","Union Bank","","","Reconciled"
"Income","2022-11-19 14:43:25","14:43","Interest","7.31","PHP","1.0000000000","Others","Others","Maya","","","Reconciled"
"Expense","2022-11-19 14:42:09","14:42","Pantry","-45.00","PHP","1.0000000000","Food","Food & Drinks","Wallet","","","Reconciled"
"Expense","2022-11-18 14:39:18","14:39","Bananas","-27.00","PHP","1.0000000000","Food","Food & Drinks","GCash","","","Reconciled"
"Expense","2022-11-18 14:39:01","14:39","Tuna","-37.00","PHP","1.0000000000","Food","Food & Drinks","Wallet","","","Reconciled"
"Expense","2022-11-18 14:38:17","14:38","Chubby Habbi's","-250.00","PHP","1.0000000000","Food","Dine Out","GCash","","","Reconciled"
"Expense","2022-11-17 23:37:11","23:37","Tresto","-630.00","PHP","1.0000000000","Leisure","Hangout ","Wallet","","","Reconciled"
"Expense","2022-11-17 19:37:50","19:37","Big Belly's","-150.00","PHP","1.0000000000","Food","Dine Out","Wallet","","","Reconciled"
"Expense","2022-11-17 11:41:20","11:41","Tresto","200.00","PHP","1.0000000000","Leisure","Hangout ","GCash","","","Reconciled"
"Expense","2022-11-16 16:27:59","16:27","JV","70.00","PHP","1.0000000000","Food","Food & Drinks","GCash","","","Reconciled"
"Expense","2022-11-16 13:05:05","13:05","We Deliver","-99.00","PHP","1.0000000000","Food","Dine Out","Wallet","","","Reconciled"
"Expense","2022-11-15 20:56:56","20:56","Ministop","-138.00","PHP","1.0000000000","Food","Dine Out","GCash","","","Reconciled"
"Expense","2022-11-15 19:56:32","19:56","Groceries","-220.00","PHP","1.0000000000","Food","Food & Drinks","Wallet","","","Reconciled"
"Expense","2022-11-15 18:03:16","18:03","Bottled water","-15.00","PHP","1.0000000000","Food","Food & Drinks","Wallet","","","Reconciled"
"Expense","2022-11-15 14:10:13","14:10","We Deliver","-140.00","PHP","1.0000000000","Food","Dine Out","GCash","","","Reconciled"
"Expense","2022-11-15 10:55:33","10:55","Bulacan to Elbi","-248.00","PHP","1.0000000000","Transportation","Transportation ","Wallet","","","Reconciled"
"Expense","2022-11-15 07:40:58","07:40","Mommy","50.00","PHP","1.0000000000","Leisure","Gifts/Treats","Wallet","","","Reconciled"
"Expense","2022-11-14 09:18:58","09:18","Kuya A","1000.00","PHP","1.0000000000","Leisure","Gifts/Treats","Wallet","","","Reconciled"
"Expense","2022-11-14 09:17:51","09:17","Delight","-26.00","PHP","1.0000000000","Food","Food & Drinks","Wallet","","","Reconciled"
"Expense","2022-11-13 09:18:39","09:18","Food and Drinks","-69.00","PHP","1.0000000000","Food","Food & Drinks","Wallet","","","Reconciled"
"Expense","2022-11-13 09:17:20","09:17","Delight, Mang Juan","-35.00","PHP","1.0000000000","Food","Food & Drinks","Wallet","","","Reconciled"
"Expense","2022-11-11 12:55:23","12:55","Mommy","-50.00","PHP","1.0000000000","Leisure","Gifts/Treats","Wallet","","","Reconciled"
"Expense","2022-11-11 09:18:12","09:18","Kuya A","-500.00","PHP","1.0000000000","Leisure","Gifts/Treats","Wallet","","","Reconciled"
"Expense","2022-11-11 07:56:19","07:56","Lemon","-32.00","PHP","1.0000000000","Food","Food & Drinks","Wallet","","","Reconciled"
"Expense","2022-11-11 07:55:06","07:55","Pandesal","-8.00","PHP","1.0000000000","Food","Food & Drinks","Wallet","","","Reconciled"
"Expense","2022-11-11 07:54:49","07:54","Alms","-10.00","PHP","1.0000000000","Leisure","Gifts/Treats","Wallet","","","Reconciled"
"Expense","2022-11-11 06:54:36","06:54","Gym","-50.00","PHP","1.0000000000","Personal Care","Health & Fitness","Wallet","","","Reconciled"
"Transfer","2022-11-09 17:45:59","17:45","Daddy borrow","-100.00","PHP","1.0000000000","(Transfer)","(Transfer)","Wallet","","","Reconciled"
"Transfer","2022-11-09 17:45:59","17:45","Daddy borrow","100.00","PHP","1.0000000000","(Transfer)","(Transfer)","GCash","","","Reconciled"
"Expense","2022-11-09 12:00:47","12:00","Elbi to Bulacan","-219.00","PHP","1.0000000000","Transportation","Transportation ","Wallet","","","Reconciled"
"Expense","2022-11-09 12:00:38","12:00","Jollibee","-155.00","PHP","1.0000000000","Food","Dine Out","GCash","","","Reconciled"
"Expense","2022-11-09 09:22:25","09:22","Vitamilk, soap","-85.00","PHP","1.0000000000","Personal Care","Self-Care","Wallet","","","Reconciled"
"Expense","2022-11-07 10:51:36","10:51","Vitamilk, Banana","-49.00","PHP","1.0000000000","Food","Food & Drinks","Wallet","","","Reconciled"
"Expense","2022-11-06 20:19:36","20:19","Groceries","-472.00","PHP","1.0000000000","Food","Food & Drinks","Wallet","","","Reconciled"
"Expense","2022-11-06 20:07:13","20:07","Facial wash, moisturizer","-347.00","PHP","1.0000000000","Personal Care","Self-Care","GCash","","","Reconciled"
"Expense","2022-11-06 19:10:30","19:10","ATM Fee","-16.00","PHP","1.0000000000","Bills","Transaction Fees","Union Bank","","","Reconciled"
"Transfer","2022-11-06 19:10:08","19:10","Union Bank to Cash","-1900.00","PHP","1.0000000000","(Transfer)","(Transfer)","Union Bank","","","Reconciled"
"Transfer","2022-11-06 19:10:08","19:10","Union Bank to Cash","1900.00","PHP","1.0000000000","(Transfer)","(Transfer)","Wallet","","","Reconciled"
"Expense","2022-11-06 13:18:02","13:18","Bulacan to Elbi","-233.00","PHP","1.0000000000","Transportation","Transportation ","Wallet","","","Reconciled"
"Expense","2022-11-06 13:08:20","13:08","We Deliver","-140.00","PHP","1.0000000000","Food","Dine Out","GCash","","","Reconciled"
"Expense","2022-11-06 11:16:48","11:16","Angkas","-75.00","PHP","1.0000000000","Transportation","Transportation ","Union Bank","","","Reconciled"
"Expense","2022-11-05 20:15:24","20:15","Burger King","-317.00","PHP","1.0000000000","Food","Dine Out","GrabPay","","","Reconciled"
"Transfer","2022-11-05 20:14:46","20:14","Union Bank to GrabPay","-500.00","PHP","1.0000000000","(Transfer)","(Transfer)","Union Bank","","","Reconciled"
"Transfer","2022-11-05 20:14:46","20:14","Union Bank to GrabPay","500.00","PHP","1.0000000000","(Transfer)","(Transfer)","GrabPay","","","Reconciled"
"Expense","2022-11-05 15:17:33","15:17","Habal-habal","-90.00","PHP","1.0000000000","Transportation","Transportation ","Wallet","","","Reconciled"
"Expense","2022-11-05 08:22:40","08:22","Haircut","-90.00","PHP","1.0000000000","Personal Care","Self-Care","Wallet","","","Reconciled"
"Expense","2022-11-04 08:08:55","08:08","Honey (Kimm)","180.00","PHP","1.0000000000","Food","Food & Drinks","GCash","","","Reconciled"
"Expense","2022-11-03 13:04:09","13:04","Delight","-26.00","PHP","1.0000000000","Food","Food & Drinks","Wallet","","","Reconciled"
"Expense","2022-11-03 11:03:54","11:03","Gym","-50.00","PHP","1.0000000000","Personal Care","Health & Fitness","Wallet","","","Reconciled"
"Expense","2022-11-03 10:54:19","10:54","Linkbiz Portal Fee","-17.00","PHP","1.0000000000","Bills","Transaction Fees","Union Bank","","","Reconciled"
"Expense","2022-11-03 10:53:32","10:53","ID Replacement","-130.00","PHP","1.0000000000","Education","School Expenses","Union Bank","","","Reconciled"
"Expense","2022-11-03 10:34:49","10:34","Instapay","-15.00","PHP","1.0000000000","Bills","Transaction Fees","GCash","","","Reconciled"
"Transfer","2022-11-03 10:34:39","10:34","Gcash to Union Bank","-3000.00","PHP","1.0000000000","(Transfer)","(Transfer)","GCash","","","Reconciled"
"Transfer","2022-11-03 10:34:39","10:34","Gcash to Union Bank","3000.00","PHP","1.0000000000","(Transfer)","(Transfer)","Union Bank","","","Reconciled"
"Transfer","2022-11-03 10:33:12","10:33","Binance P2P Gcash","-4050.22","PHP","1.0000000000","(Transfer)","(Transfer)","Binance","","","Reconciled"
"Transfer","2022-11-03 10:33:12","10:33","Binance P2P Gcash","4050.22","PHP","1.0000000000","(Transfer)","(Transfer)","GCash","","","Reconciled"
"Income","2022-11-03 10:33:02","10:33","Trading Gains","30.00","PHP","1.0000000000","Investments","Crypto","Binance","","","Reconciled"
"Income","2022-11-02 11:11:05","11:11","Interest","13.68","PHP","1.0000000000","Investments","Interest","Maya","","","Reconciled"
"Expense","2022-10-31 17:01:52","17:01","Gym","-50.00","PHP","1.0000000000","Personal Care","Health & Fitness","Wallet","","","Reconciled"
"Expense","2022-10-31 11:07:00","11:07","Jeep","-38.00","PHP","1.0000000000","Transportation","Transportation ","Wallet","","","Reconciled"
"Expense","2022-10-30 11:09:59","11:09","Subway","-313.00","PHP","1.0000000000","Food","Dine Out","Maya","","","Reconciled"
"Income","2022-10-30 09:52:04","09:52","Allowance (Mommy)","200.00","PHP","1.0000000000","Allowance","Allowance","Wallet","","","Reconciled"
"Expense","2022-10-28 09:49:00","09:49","Jeep","-53.00","PHP","1.0000000000","Transportation","Transportation ","Wallet","","","Reconciled"
"Income","2022-10-26 22:53:24","22:53","Trading Gains","540.00","PHP","1.0000000000","Investments","Crypto","Binance","","","Reconciled"
"Expense","2022-10-25 12:44:12","12:44","Mang Juan, Coke","-31.00","PHP","1.0000000000","Food","Food & Drinks","Wallet","","","Reconciled"
"Expense","2022-10-25 08:44:50","08:44","Jeep","-11.00","PHP","1.0000000000","Transportation","Transportation ","Wallet","","","Reconciled"
"Expense","2022-10-24 20:29:16","20:29","Daddy borrow","-100.00","PHP","1.0000000000","Leisure","Gifts/Treats","Wallet","","","Reconciled"
"Expense","2022-10-24 12:31:47","12:31","Yakult","-24.00","PHP","1.0000000000","Food","Food & Drinks","Wallet","","","Reconciled"
"Expense","2022-10-24 09:32:05","09:32","Jeep","-22.00","PHP","1.0000000000","Transportation","Transportation ","Wallet","","","Reconciled"
"Expense","2022-10-24 07:33:03","07:33","Gym","-200.00","PHP","1.0000000000","Personal Care","Health & Fitness","Wallet","","","Reconciled"
"Expense","2022-10-23 14:30:58","14:30","Potato Corner","-35.00","PHP","1.0000000000","Food","Food & Drinks","Wallet","","","Reconciled"
"Expense","2022-10-23 12:30:20","12:30","Elbi to Bulacan","-224.00","PHP","1.0000000000","Transportation","Transportation ","Wallet","","","Reconciled"
"Expense","2022-10-23 12:30:00","12:30","Alms","-100.00","PHP","1.0000000000","Leisure","Gifts/Treats","Wallet","","","Reconciled"
"Expense","2022-10-22 20:28:55","20:28","ATM Fee","-16.00","PHP","1.0000000000","Bills","Transaction Fees","Union Bank","","","Reconciled"
"Transfer","2022-10-22 20:28:34","20:28","Union Bank to Cash","-1400.00","PHP","1.0000000000","(Transfer)","(Transfer)","Union Bank","","","Reconciled"
"Transfer","2022-10-22 20:28:34","20:28","Union Bank to Cash","1400.00","PHP","1.0000000000","(Transfer)","(Transfer)","Wallet","","","Reconciled"
"Expense","2022-10-22 20:28:07","20:28","Instapay","-15.00","PHP","1.0000000000","Bills","Transaction Fees","GCash","","","Reconciled"
"Transfer","2022-10-22 20:27:14","20:27","Gcash to Union Bank","-1300.00","PHP","1.0000000000","(Transfer)","(Transfer)","GCash","","","Reconciled"
"Transfer","2022-10-22 20:27:14","20:27","Gcash to Union Bank","1300.00","PHP","1.0000000000","(Transfer)","(Transfer)","Union Bank","","","Reconciled"
"Expense","2022-10-21 16:50:06","16:50","H2 burger and coffee","-125.00","PHP","1.0000000000","Food","Dine Out","GCash","","","Reconciled"
"Expense","2022-10-20 19:32:53","19:32","Food and Drinks","-506.00","PHP","1.0000000000","Food","Food & Drinks","Wallet","","","Reconciled"
"Expense","2022-10-20 12:46:54","12:46","Milk","-120.00","PHP","1.0000000000","Food","Food & Drinks","Wallet","","","Reconciled"
"Expense","2022-10-20 12:46:42","12:46","Zholler's","-75.00","PHP","1.0000000000","Food","Food & Drinks","Wallet","","","Reconciled"
"Expense","2022-10-19 15:31:37","15:31","Laundry","-80.00","PHP","1.0000000000","Personal Care","Laundry ","Wallet","","","Reconciled"
"Expense","2022-10-19 13:30:48","13:30","Jollibee (Libre ni Louell)","200.00","PHP","1.0000000000","Food","Dine Out","GCash","","","Reconciled"
"Expense","2022-10-19 13:30:34","13:30","Jollibee","-192.00","PHP","1.0000000000","Food","Dine Out","GCash","","","Reconciled"
"Expense","2022-10-19 11:03:01","11:03","Bioflu","90.00","PHP","1.0000000000","Personal Care","Health & Fitness","GCash","","","Reconciled"
"Expense","2022-10-19 10:06:49","10:06","Bulacan to Elbi","-248.00","PHP","1.0000000000","Transportation","Transportation ","Wallet","","","Reconciled"
"Expense","2022-10-19 10:06:29","10:06","Gcash cashout fee","-20.00","PHP","1.0000000000","Bills","Transaction Fees","GCash","","","Reconciled"
"Transfer","2022-10-19 08:52:13","08:52","Binance P2P Gcash","-1537.35","PHP","1.0000000000","(Transfer)","(Transfer)","Binance","","","Reconciled"
"Transfer","2022-10-19 08:52:13","08:52","Binance P2P Gcash","1537.35","PHP","1.0000000000","(Transfer)","(Transfer)","GCash","","","Reconciled"
"Transfer","2022-10-19 08:06:13","08:06","Gcash to Cash","-880.00","PHP","1.0000000000","(Transfer)","(Transfer)","GCash","","","Reconciled"
"Transfer","2022-10-19 08:06:13","08:06","Gcash to Cash","880.00","PHP","1.0000000000","(Transfer)","(Transfer)","Wallet","","","Reconciled"
"Expense","2022-10-18 16:34:27","16:34","Bioflu","-90.00","PHP","1.0000000000","Personal Care","Health & Fitness","Wallet","","","Reconciled"
"Expense","2022-10-18 04:33:48","04:33","Gym","-61.00","PHP","1.0000000000","Personal Care","Health & Fitness","Wallet","","","Reconciled"
"Expense","2022-10-17 12:33:21","12:33","Delight, Mang Juan","-34.00","PHP","1.0000000000","Food","Food & Drinks","Wallet","","","Reconciled"
"Expense","2022-10-17 10:33:05","10:33","Gym","-63.00","PHP","1.0000000000","Personal Care","Health & Fitness","Wallet","","","Reconciled"
"Expense","2022-10-16 13:30:07","13:30","Cubao to Bulacan","-63.00","PHP","1.0000000000","Transportation","Transportation ","Wallet","","","Reconciled"
"Expense","2022-10-16 12:06:27","12:06","Samgyupsal","-1098.00","PHP","1.0000000000","Leisure","Staycation ","Wallet","","","Reconciled"
"Expense","2022-10-16 08:36:30","08:36","Food and Drinks","-84.00","PHP","1.0000000000","Leisure","Staycation ","Wallet","","","Reconciled"
"Expense","2022-10-15 20:46:02","20:46","7/11","-160.00","PHP","1.0000000000","Leisure","Staycation ","Wallet","","","Reconciled"
"Expense","2022-10-15 13:26:40","13:26","Angkas","-68.00","PHP","1.0000000000","Transportation","Transportation ","Union Bank","","","Reconciled"
"Expense","2022-10-15 11:29:36","11:29","Food and Drinks","-38.00","PHP","1.0000000000","Food","Food & Drinks","Wallet","","","Reconciled"
"Expense","2022-10-15 11:29:17","11:29","Elbi to Cubao","-135.00","PHP","1.0000000000","Transportation","Transportation ","Wallet","","","Reconciled"
"Expense","2022-10-15 08:30:20","08:30","ATM Fee","-16.00","PHP","1.0000000000","Bills","Transaction Fees","Union Bank","","","Reconciled"
"Transfer","2022-10-15 08:30:03","08:30","Union Bank to Cash","-1900.00","PHP","1.0000000000","(Transfer)","(Transfer)","Union Bank","","","Reconciled"
"Transfer","2022-10-15 08:30:03","08:30","Union Bank to Cash","1900.00","PHP","1.0000000000","(Transfer)","(Transfer)","Wallet","","","Reconciled"
"Expense","2022-10-14 18:09:05","18:09","Jollibee","-135.00","PHP","1.0000000000","Food","Dine Out","GCash","","","Reconciled"
"Expense","2022-10-14 18:08:58","18:08","Computer Shop","-22.00","PHP","1.0000000000","Shopping","Electronics/Gadgets","Wallet","","","Reconciled"
"Transfer","2022-10-14 13:54:40","13:54","Binance to Union Bank","-2000.00","PHP","1.0000000000","(Transfer)","(Transfer)","Binance","","","Reconciled"
"Transfer","2022-10-14 13:54:40","13:54","Binance to Union Bank","2000.00","PHP","1.0000000000","(Transfer)","(Transfer)","Union Bank","","","Reconciled"
"Transfer","2022-10-14 13:45:27","13:45","Ronin to Binance","-7000.00","PHP","1.0000000000","(Transfer)","(Transfer)","Ronin","","","Reconciled"
"Transfer","2022-10-14 13:45:27","13:45","Ronin to Binance","7000.00","PHP","1.0000000000","(Transfer)","(Transfer)","Binance","","","Reconciled"
"Expense","2022-10-14 11:10:03","11:10","Vitamilk","-24.00","PHP","1.0000000000","Food","Food & Drinks","Wallet","","","Reconciled"
"Expense","2022-10-13 19:48:55","19:48","Bananas","-16.00","PHP","1.0000000000","Food","Food & Drinks","Wallet","","","Reconciled"
"Expense","2022-10-13 19:09:48","19:09","Computer Shop","-40.00","PHP","1.0000000000","Shopping","Electronics/Gadgets","Wallet","","","Reconciled"
"Expense","2022-10-13 11:19:56","11:19","Food and Drinks","-255.00","PHP","1.0000000000","Food","Food & Drinks","Wallet","","","Reconciled"
"Expense","2022-10-13 11:19:18","11:19","Ken's Lechong Kawali","-70.00","PHP","1.0000000000","Food","Food & Drinks","Wallet","","","Reconciled"
"Expense","2022-10-12 19:35:51","19:35","Computer Shop","-30.00","PHP","1.0000000000","Shopping","Electronics/Gadgets","Wallet","","","Reconciled"
"Expense","2022-10-12 17:35:27","17:35","Dorm Assoc & Water Fee","-275.00","PHP","1.0000000000","Leisure","Organizations","GCash","","","Reconciled"
"Expense","2022-10-12 17:20:15","17:20","Food and Drinks","-105.00","PHP","1.0000000000","Food","Food & Drinks","Wallet","","","Reconciled"
"Transfer","2022-10-12 17:18:49","17:18","Maya to Gcash","-1000.00","PHP","1.0000000000","(Transfer)","(Transfer)","Maya","","","Reconciled"
"Transfer","2022-10-12 17:18:49","17:18","Maya to Gcash","1000.00","PHP","1.0000000000","(Transfer)","(Transfer)","GCash","","","Reconciled"
"Expense","2022-10-12 13:57:06","13:57","ESG Liabilities","-350.00","PHP","1.0000000000","Leisure","Organizations","GCash","","","Reconciled"
"Income","2022-10-12 01:04:17","01:04","Axie buy and sell","1500.00","PHP","1.0000000000","Investments","Axie Infinity ","Ronin","","","Reconciled"
"Expense","2022-10-11 20:05:34","20:05","Food and Drinks","-93.00","PHP","1.0000000000","Food","Food & Drinks","Wallet","","","Reconciled"
"Expense","2022-10-11 18:04:15","18:04","Laundry","-165.00","PHP","1.0000000000","Personal Care","Laundry ","Wallet","","","Reconciled"
"Expense","2022-10-11 15:06:13","15:06","Milka Krema Yogurt","-55.00","PHP","1.0000000000","Food","Food & Drinks","Wallet","","","Reconciled"
"Expense","2022-10-10 18:11:19","18:11","Bananas, tomatoes","-40.00","PHP","1.0000000000","Food","Food & Drinks","GCash","","","Reconciled"
"Expense","2022-10-10 18:10:38","18:10","Food and Drinks","-296.25","PHP","1.0000000000","Food","Food & Drinks","Wallet","","","Reconciled"
"Expense","2022-10-10 14:13:38","14:13","Food and Drinks","-127.75","PHP","1.0000000000","Food","Food & Drinks","Wallet","","","Reconciled"
"Expense","2022-10-10 13:10:05","13:10","Big Belly's","-150.00","PHP","1.0000000000","Food","Dine Out","Wallet","","","Reconciled"
"Expense","2022-10-10 11:00:49","11:00","Bulacan to Elbi","-247.00","PHP","1.0000000000","Transportation","Transportation ","Wallet","","","Reconciled"
"Expense","2022-10-07 15:57:16","15:57","Elbi to Bulacan","-237.00","PHP","1.0000000000","Transportation","Transportation ","Wallet","","","Reconciled"
"Expense","2022-10-07 15:02:37","15:02","ATM Fee","-16.00","PHP","1.0000000000","Bills","Transaction Fees","Union Bank","","","Reconciled"
"Transfer","2022-10-07 15:02:23","15:02","Union Bank to Cash","-1900.00","PHP","1.0000000000","(Transfer)","(Transfer)","Union Bank","","","Reconciled"
"Transfer","2022-10-07 15:02:23","15:02","Union Bank to Cash","1900.00","PHP","1.0000000000","(Transfer)","(Transfer)","Wallet","","","Reconciled"
"Expense","2022-10-07 08:15:27","08:15","Food and Drinks","-1179.41","PHP","1.0000000000","Food","Food & Drinks","Wallet","","","Reconciled"
"Expense","2022-10-06 11:13:18","11:13","Jollibee","-157.00","PHP","1.0000000000","Food","Dine Out","GCash","","","Reconciled"
"Transfer","2022-10-04 20:11:25","20:11","Union Bank to Cash","-1307.41","PHP","1.0000000000","(Transfer)","(Transfer)","Union Bank","","","Reconciled"
"Transfer","2022-10-04 20:11:25","20:11","Union Bank to Cash","1307.41","PHP","1.0000000000","(Transfer)","(Transfer)","Wallet","","","Reconciled"
"Transfer","2022-10-04 19:00:25","19:00","Maya to Union Bank","-1991.49","PHP","1.0000000000","(Transfer)","(Transfer)","Maya","","","Reconciled"
"Transfer","2022-10-04 19:00:25","19:00","Maya to Union Bank","1991.49","PHP","1.0000000000","(Transfer)","(Transfer)","Union Bank","","","Reconciled"
"Expense","2022-10-04 16:14:04","16:14","Food and Drinks","-70.00","PHP","1.0000000000","Food","Food & Drinks","GCash","","","Reconciled"
"Expense","2022-10-03 12:44:42","12:44","Tuna omelet, vitamilk","-64.00","PHP","1.0000000000","Food","Food & Drinks","Wallet","","","Reconciled"
"Expense","2022-10-03 10:23:29","10:23","Alms","-25.00","PHP","1.0000000000","Leisure","Gifts/Treats","Wallet","","","Reconciled"
"Transfer","2022-10-03 08:01:30","08:01","Gcash to Cash","-100.00","PHP","1.0000000000","(Transfer)","(Transfer)","GCash","","","Reconciled"
"Transfer","2022-10-03 08:01:30","08:01","Gcash to Cash","100.00","PHP","1.0000000000","(Transfer)","(Transfer)","Wallet","","","Reconciled"
"Expense","2022-10-03 08:01:28","08:01","Bulacan to Elbi","-261.00","PHP","1.0000000000","Transportation","Transportation ","Wallet","","","Reconciled"
"Expense","2022-10-02 22:00:58","22:00","Walang Pagsidlan ni Allan Popa","-570.00","PHP","1.0000000000","Education","School Supplies","GCash","","","Reconciled"
"Expense","2022-10-01 11:02:10","11:02","Game On Chess Tournament Fee","-50.00","PHP","1.0000000000","Leisure","Organizations","GCash","","","Reconciled"
"Expense","2022-10-01 10:00:28","10:00","Gym","-63.00","PHP","1.0000000000","Personal Care","Health & Fitness","Wallet","","","Reconciled"
"Expense","2022-09-30 20:17:04","20:17","Burger King","-219.00","PHP","1.0000000000","Food","Dine Out","GCash","","","Reconciled"
"Expense","2022-09-30 15:58:06","15:58","Elbi to Bulacan","-289.00","PHP","1.0000000000","Transportation","Transportation ","Wallet","","","Reconciled"
"Expense","2022-09-30 14:21:52","14:21","Century tuna","5.00","PHP","1.0000000000","Food","Food & Drinks","Wallet","","","Reconciled"
"Expense","2022-09-30 14:21:33","14:21","Century tuna","30.00","PHP","1.0000000000","Food","Food & Drinks","GCash","","","Reconciled"
"Expense","2022-09-30 14:21:19","14:21","Chowking","200.00","PHP","1.0000000000","Food","Dine Out","GCash","","","Reconciled"
"Expense","2022-09-30 12:50:02","12:50","Vitamilk","-24.00","PHP","1.0000000000","Food","Food & Drinks","Wallet","","","Reconciled"
"Expense","2022-09-30 12:03:07","12:03","Chowking","-200.00","PHP","1.0000000000","Food","Dine Out","GCash","","","Reconciled"
"Expense","2022-09-30 09:50:31","09:50","Water","-8.00","PHP","1.0000000000","Food","Food & Drinks","Wallet","","","Reconciled"
"Income","2022-09-30 09:39:25","09:39","Axie buy and sell","1080.00","PHP","1.0000000000","Investments","Axie Infinity ","Ronin","","","Reconciled"
"Expense","2022-09-30 06:00:22","06:00","Poco F3","-1500.00","PHP","1.0000000000","Shopping","Electronics/Gadgets","Maya","","","Reconciled"
"Transfer","2022-09-29 22:26:41","22:26","Seabank to Maya","-7084.16","PHP","1.0000000000","(Transfer)","(Transfer)","Seabank","","","Reconciled"
"Transfer","2022-09-29 22:26:41","22:26","Seabank to Maya","7084.16","PHP","1.0000000000","(Transfer)","(Transfer)","Maya","","","Reconciled"
"Income","2022-09-29 22:26:14","22:26","Interest","9.48","PHP","1.0000000000","Investments","Interest","Seabank","","","Reconciled"
"Transfer","2022-09-29 21:44:01","21:44","Shopee Pay to Maya","-1828.00","PHP","1.0000000000","(Transfer)","(Transfer)","ShopeePay","","","Reconciled"
"Transfer","2022-09-29 21:44:01","21:44","Shopee Pay to Maya","1828.00","PHP","1.0000000000","(Transfer)","(Transfer)","Maya","","","Reconciled"
"Expense","2022-09-29 19:44:53","19:44","Andoks","-70.00","PHP","1.0000000000","Food","Food & Drinks","GCash","","","Reconciled"
"Expense","2022-09-29 19:20:42","19:20","Smart C","-29.00","PHP","1.0000000000","Food","Food & Drinks","Wallet","","","Reconciled"
"Expense","2022-09-29 12:50:19","12:50","Martys, Vitamilk","-42.00","PHP","1.0000000000","Food","Food & Drinks","Wallet","","","Reconciled"
"Expense","2022-09-29 12:50:09","12:50","Mango","-65.00","PHP","1.0000000000","Food","Food & Drinks","Wallet","","","Reconciled"
"Income","2022-09-29 12:10:20","12:10","Gift (Tita Elsie)","1000.00","PHP","1.0000000000","Allowance","Allowance","GCash","","","Reconciled"
"Expense","2022-09-29 10:51:07","10:51","Taho","-20.00","PHP","1.0000000000","Food","Food & Drinks","Wallet","","","Reconciled"
"Expense","2022-09-28 12:51:46","12:51","Vitamilk, water","-41.00","PHP","1.0000000000","Food","Food & Drinks","Wallet","","","Reconciled"
"Expense","2022-09-28 12:51:33","12:51","Jeep","-11.00","PHP","1.0000000000","Transportation","Transportation ","Wallet","","","Reconciled"
"Expense","2022-09-28 12:47:51","12:47","Bugong","-173.00","PHP","1.0000000000","Food","Food & Drinks","GCash","","","Reconciled"
"Expense","2022-09-28 12:47:14","12:47","2 plain t-shirts","-684.20","PHP","1.0000000000","Shopping","Apparel ","GCash","","","Reconciled"
"Transfer","2022-09-28 12:46:34","12:46","Seabank to Gcash","-1000.00","PHP","1.0000000000","(Transfer)","(Transfer)","Seabank","","","Reconciled"
"Transfer","2022-09-28 12:46:34","12:46","Seabank to Gcash","1000.00","PHP","1.0000000000","(Transfer)","(Transfer)","GCash","","","Reconciled"
"Expense","2022-09-27 18:47:29","18:47","Food and Drinks","-280.00","PHP","1.0000000000","Food","Food & Drinks","Wallet","","","Reconciled"
"Expense","2022-09-26 19:52:09","19:52","Milk powder","-19.00","PHP","1.0000000000","Food","Food & Drinks","Wallet","","","Reconciled"
"Expense","2022-09-26 19:51:39","19:51","Bananas","-43.00","PHP","1.0000000000","Food","Food & Drinks","GCash","","","Reconciled"
"Expense","2022-09-26 19:50:24","19:50","Jollibee","-160.00","PHP","1.0000000000","Food","Dine Out","GCash","","","Reconciled"
"Expense","2022-09-26 13:54:01","13:54","Bulacan to Elbi","-300.00","PHP","1.0000000000","Transportation","Transportation ","Wallet","","","Reconciled"
"Expense","2022-09-23 12:41:06","12:41","Tuition Fee","-10972.50","PHP","1.0000000000","Education","School Expenses","Union Bank","","","Reconciled"
"Expense","2022-09-21 07:55:02","07:55","Food","-257.00","PHP","1.0000000000","Food","Food & Drinks","Wallet","","","Reconciled"
"Expense","2022-09-21 06:49:32","06:49","Milk powder","-10.00","PHP","1.0000000000","Food","Food & Drinks","Wallet","","","Reconciled"
"Expense","2022-09-20 14:07:31","14:07","In-game SLP","-400.00","PHP","1.0000000000","Investments","Axie Infinity ","Ronin","","","Reconciled"
"Expense","2022-09-20 14:07:02","14:07","Trading losses","-1300.00","PHP","1.0000000000","Investments","Crypto","Ronin","","","Reconciled"
"Transfer","2022-09-20 14:03:31","14:03","Seabank to Union Bank","-11000.00","PHP","1.0000000000","(Transfer)","(Transfer)","Seabank","","","Reconciled"
"Transfer","2022-09-20 14:03:31","14:03","Seabank to Union Bank","11000.00","PHP","1.0000000000","(Transfer)","(Transfer)","Union Bank","","","Reconciled"
"Expense","2022-09-20 13:59:20","13:59","Firefly Rechargeable Fan","-297.45","PHP","1.0000000000","Shopping","Household Items/Supplies","ShopeePay","","","Reconciled"
"Income","2022-09-20 13:57:16","13:57","Interest","74.68","PHP","1.0000000000","Investments","Interest","Seabank","","","Reconciled"
"Expense","2022-09-18 16:11:18","16:11","Delight","-24.00","PHP","1.0000000000","Food","Food & Drinks","Wallet","","","Reconciled"
"Expense","2022-09-18 14:10:25","14:10","Cubao to Bulacan","-81.00","PHP","1.0000000000","Transportation","Transportation ","Wallet","","","Reconciled"
"Expense","2022-09-18 13:25:02","13:25","Angkas","-94.00","PHP","1.0000000000","Transportation","Transportation ","Union Bank","","","Reconciled"
"Expense","2022-09-18 13:10:56","13:10","Security deposit","1000.00","PHP","1.0000000000","Leisure","Staycation ","Wallet","","","Reconciled"
"Expense","2022-09-16 19:16:53","19:16","Kwek-kwek","-60.00","PHP","1.0000000000","Leisure","Staycation ","Wallet","","","Reconciled"
"Expense","2022-09-16 14:16:26","14:16","Security deposit","-1000.00","PHP","1.0000000000","Leisure","Staycation ","Wallet","","","Reconciled"
"Expense","2022-09-16 14:00:23","14:00","Angkas","-50.00","PHP","1.0000000000","Transportation","Transportation ","Union Bank","","","Reconciled"
"Expense","2022-09-16 11:37:48","11:37","Elbi to Cubao","-142.00","PHP","1.0000000000","Transportation","Transportation ","Wallet","","","Reconciled"
"Expense","2022-09-16 11:37:35","11:37","Haircut","-80.00","PHP","1.0000000000","Personal Care","Self-Care","Wallet","","","Reconciled"
"Expense","2022-09-15 23:47:54","23:47","Airbnb","-3539.65","PHP","1.0000000000","Leisure","Staycation ","Union Bank","","","Reconciled"
"Expense","2022-09-15 21:51:03","21:51","ATM Fee","-16.00","PHP","1.0000000000","Bills","Transaction Fees","Union Bank","","","Reconciled"
"Transfer","2022-09-15 21:50:42","21:50","Union Bank to Cash","-1900.00","PHP","1.0000000000","(Transfer)","(Transfer)","Union Bank","","","Reconciled"
"Transfer","2022-09-15 21:50:42","21:50","Union Bank to Cash","1900.00","PHP","1.0000000000","(Transfer)","(Transfer)","Wallet","","","Reconciled"
"Transfer","2022-09-15 21:50:17","21:50","Seabank to Union Bank","-1000.00","PHP","1.0000000000","(Transfer)","(Transfer)","Seabank","","","Reconciled"
"Transfer","2022-09-15 21:50:17","21:50","Seabank to Union Bank","1000.00","PHP","1.0000000000","(Transfer)","(Transfer)","Union Bank","","","Reconciled"
"Expense","2022-09-15 19:47:02","19:47","Bugong","-102.00","PHP","1.0000000000","Food","Dine Out","GCash","","","Reconciled"
"Transfer","2022-09-15 16:03:54","16:03","Seabank to Union Bank","-2000.00","PHP","1.0000000000","(Transfer)","(Transfer)","Seabank","","","Reconciled"
"Transfer","2022-09-15 16:03:54","16:03","Seabank to Union Bank","2000.00","PHP","1.0000000000","(Transfer)","(Transfer)","Union Bank","","","Reconciled"
"Transfer","2022-09-14 22:53:55","22:53","Seabank to Union Bank","-3000.00","PHP","1.0000000000","(Transfer)","(Transfer)","Seabank","","","Reconciled"
"Transfer","2022-09-14 22:53:55","22:53","Seabank to Union Bank","3000.00","PHP","1.0000000000","(Transfer)","(Transfer)","Union Bank","","","Reconciled"
"Expense","2022-09-14 18:48:07","18:48","Fruits","-45.00","PHP","1.0000000000","Food","Food & Drinks","GCash","","","Reconciled"
"Transfer","2022-09-14 18:47:56","18:47","Seabank to Gcash","-1000.00","PHP","1.0000000000","(Transfer)","(Transfer)","Seabank","","","Reconciled"
"Transfer","2022-09-14 18:47:56","18:47","Seabank to Gcash","1000.00","PHP","1.0000000000","(Transfer)","(Transfer)","GCash","","","Reconciled"
"Expense","2022-09-14 18:47:28","18:47","Scissor, cutter, nail cutter","-55.00","PHP","1.0000000000","Shopping","Household Items/Supplies","GCash","","","Reconciled"
"Expense","2022-09-14 18:47:05","18:47","Groceries","-298.00","PHP","1.0000000000","Food","Food & Drinks","Wallet","","","Reconciled"
"Expense","2022-09-14 12:00:26","12:00","Chowking","-235.00","PHP","1.0000000000","Food","Dine Out","Wallet","","","Reconciled"
"Expense","2022-09-14 11:01:14","11:01","Bulacan to Elbi","-245.00","PHP","1.0000000000","Transportation","Transportation ","Wallet","","","Reconciled"
"Expense","2022-09-13 19:26:21","19:26","Gcash cashout fee","-20.00","PHP","1.0000000000","Bills","Transaction Fees","GCash","","","Reconciled"
"Transfer","2022-09-13 19:26:08","19:26","Gcash to Cash","-900.00","PHP","1.0000000000","(Transfer)","(Transfer)","GCash","","","Reconciled"
"Transfer","2022-09-13 19:26:08","19:26","Gcash to Cash","900.00","PHP","1.0000000000","(Transfer)","(Transfer)","Wallet","","","Reconciled"
"Expense","2022-09-13 19:25:52","19:25","Martys, Energen","-32.00","PHP","1.0000000000","Food","Food & Drinks","Wallet","","","Reconciled"
"Expense","2022-09-11 16:03:13","16:03","Daddy","-15.00","PHP","1.0000000000","Leisure","Gifts/Treats","Wallet","","","Reconciled"
"Expense","2022-09-10 19:37:39","19:37","Activewear MNL Shorts","-330.00","PHP","1.0000000000","Shopping","Apparel ","ShopeePay","","","Reconciled"
"Expense","2022-09-10 19:23:35","19:23","Quaker oats","-278.00","PHP","1.0000000000","Food","Food & Drinks","ShopeePay","","","Reconciled"
"Expense","2022-09-10 19:16:45","19:16","Myprotein Impact Whey (1kg)","-1177.00","PHP","1.0000000000","Personal Care","Health & Fitness","ShopeePay","","","Reconciled"
"Income","2022-09-10 11:11:58","11:11","Rune craft and sell","3000.00","PHP","1.0000000000","Investments","Axie Infinity ","Ronin","","","Reconciled"
"Transfer","2022-09-10 01:50:04","01:50","Seabank to Shopee Pay","-3000.00","PHP","1.0000000000","(Transfer)","(Transfer)","Seabank","","","Reconciled"
"Transfer","2022-09-10 01:50:04","01:50","Seabank to Shopee Pay","3000.00","PHP","1.0000000000","(Transfer)","(Transfer)","ShopeePay","","","Reconciled"
"Income","2022-09-09 12:22:15","12:22","Maya Rewards","100.00","PHP","1.0000000000","Others","Promos","Maya","","","Reconciled"
"Transfer","2022-09-09 11:34:13","11:34","Zui's cashout","-94.00","PHP","1.0000000000","(Transfer)","(Transfer)","Wallet","","","Reconciled"
"Transfer","2022-09-09 11:34:13","11:34","Zui's cashout","94.00","PHP","1.0000000000","(Transfer)","(Transfer)","GCash","","","Reconciled"
"Expense","2022-09-08 17:24:56","17:24","Bon Chon Bibimbowl (Louell's treat)","198.00","PHP","1.0000000000","Food","Dine Out","GCash","","","Reconciled"
"Expense","2022-09-08 17:22:39","17:22","Daddy","-20.00","PHP","1.0000000000","Leisure","Gifts/Treats","Wallet","","","Reconciled"
"Expense","2022-09-07 21:36:33","21:36","Elbi to Bulacan","-267.00","PHP","1.0000000000","Transportation","Transportation ","Wallet","","","Reconciled"
"Expense","2022-09-07 14:17:15","14:17","Bottled water","-13.00","PHP","1.0000000000","Food","Food & Drinks","GCash","","","Reconciled"
"Expense","2022-09-07 11:39:37","11:39","Bottled water","-40.00","PHP","1.0000000000","Food","Food & Drinks","Wallet","","","Reconciled"
"Income","2022-09-07 07:44:36","07:44","Rune craft and sell","244.00","PHP","1.0000000000","Investments","Axie Infinity ","Ronin","","","Reconciled"
"Expense","2022-09-06 19:35:30","19:35","Bon Chon Bibimbowl","-199.00","PHP","1.0000000000","Food","Dine Out","GCash","","","Reconciled"
"Expense","2022-09-06 19:35:06","19:35","Bench boxer briefs","-389.75","PHP","1.0000000000","Shopping","Apparel ","GCash","","","Reconciled"
"Transfer","2022-09-06 19:34:45","19:34","Seabank to Gcash","-1000.00","PHP","1.0000000000","(Transfer)","(Transfer)","Seabank","","","Reconciled"
"Transfer","2022-09-06 19:34:45","19:34","Seabank to Gcash","1000.00","PHP","1.0000000000","(Transfer)","(Transfer)","GCash","","","Reconciled"
"Expense","2022-09-06 13:17:25","13:17","Jeep","-11.00","PHP","1.0000000000","Transportation","Transportation ","Wallet","","","Reconciled"
"Expense","2022-09-05 20:02:34","20:02","Eatsumo","-175.00","PHP","1.0000000000","Food","Dine Out","GCash","","","Reconciled"
"Expense","2022-09-05 17:55:39","17:55","AX Fitness 3 months subscription","-2300.00","PHP","1.0000000000","Personal Care","Health & Fitness","GCash","","","Reconciled"
"Expense","2022-09-05 17:54:43","17:54","Key duplicate","-80.00","PHP","1.0000000000","Shopping","Household Items/Supplies","GCash","","","Reconciled"
"Expense","2022-09-05 17:53:13","17:53","Storage boxes","-219.00","PHP","1.0000000000","Shopping","Household Items/Supplies","GCash","","","Reconciled"
"Transfer","2022-09-04 23:15:32","23:15","Union Bank to Shopee Pay","-1000.00","PHP","1.0000000000","(Transfer)","(Transfer)","Union Bank","","","Reconciled"
"Transfer","2022-09-04 23:15:32","23:15","Union Bank to Shopee Pay","1000.00","PHP","1.0000000000","(Transfer)","(Transfer)","ShopeePay","","","Reconciled"
"Expense","2022-09-04 23:14:54","23:14","Ice","-5.00","PHP","1.0000000000","Food","Food & Drinks","Wallet","","","Reconciled"
"Expense","2022-09-04 23:11:27","23:11","Groceries","-210.50","PHP","1.0000000000","Food","Food & Drinks","Wallet","","","Reconciled"
"Expense","2022-09-04 23:11:14","23:11","Groceries","-77.00","PHP","1.0000000000","Food","Food & Drinks","Wallet","","","Reconciled"
"Expense","2022-09-04 23:09:36","23:09","Veggies","-32.00","PHP","1.0000000000","Food","Food & Drinks","GCash","","","Reconciled"
"Expense","2022-09-04 16:42:22","16:42","Milk Tea","-65.00","PHP","1.0000000000","Food","Food & Drinks","Wallet","","","Reconciled"
"Expense","2022-09-04 16:41:51","16:41","Cooked rice, boiled egg","-25.00","PHP","1.0000000000","Food","Food & Drinks","Wallet","","","Reconciled"
"Expense","2022-09-04 16:41:27","16:41","Fruits","-113.00","PHP","1.0000000000","Food","Food & Drinks","Wallet","","","Reconciled"
"Expense","2022-09-04 16:40:49","16:40","Pillows, plate, face masks","-359.00","PHP","1.0000000000","Shopping","Household Items/Supplies","GCash","","","Reconciled"
"Expense","2022-09-04 16:40:29","16:40","Load","-499.00","PHP","1.0000000000","Bills","Load","GCash","","","Reconciled"
"Expense","2022-09-04 13:12:31","13:12","Load","-94.00","PHP","1.0000000000","Bills","Load","ShopeePay","","","Reconciled"
"Expense","2022-09-04 08:22:40","08:22","Jeep","-38.50","PHP","1.0000000000","Transportation","Transportation ","Wallet","","","Reconciled"
"Expense","2022-09-03 18:42:31","18:42","Groceries","-1654.25","PHP","1.0000000000","Food","Food & Drinks","GCash","","","Reconciled"
"Expense","2022-09-03 18:42:07","18:42","Buko Juice","-105.00","PHP","1.0000000000","Food","Dine Out","GCash","","","Reconciled"
"Expense","2022-09-03 18:41:18","18:41","Turks","-255.00","PHP","1.0000000000","Food","Dine Out","GCash","","","Reconciled"
"Expense","2022-09-03 10:27:06","10:27","Landbank e-Payment Portal","-17.00","PHP","1.0000000000","Bills","Transaction Fees","Union Bank","","","Reconciled"
"Expense","2022-09-03 10:25:35","10:25","VetMed dorm fee","-1850.00","PHP","1.0000000000","Bills","Rent","Union Bank","","","Reconciled"
"Expense","2022-09-03 07:27:31","07:27","Round trip to Elbi with mom/dad","-1500.00","PHP","1.0000000000","Transportation","Transportation ","Wallet","","","Reconciled"
"Income","2022-09-03 07:22:08","07:22","Sukli sa pandesal","48.00","PHP","1.0000000000","Others","Others","Wallet","","","Reconciled"
"Expense","2022-09-03 07:21:36","07:21","Gcash cashout fee","-40.00","PHP","1.0000000000","Bills","Transaction Fees","GCash","","","Reconciled"
"Transfer","2022-09-03 07:21:02","07:21","Gcash to Cash","-2500.00","PHP","1.0000000000","(Transfer)","(Transfer)","GCash","","","Reconciled"
"Transfer","2022-09-03 07:21:02","07:21","Gcash to Cash","2500.00","PHP","1.0000000000","(Transfer)","(Transfer)","Wallet","","","Reconciled"
"Expense","2022-09-02 18:43:57","18:43","Bluecoins premium","-325.00","PHP","1.0000000000","Bills","Online Subscriptions ","GCash","","","Reconciled"
"Income","2022-09-02 17:14:43","17:14","Axie buy and sell","2030.00","PHP","1.0000000000","Investments","Axie Infinity ","Ronin","","","Reconciled"
"Income","2022-09-02 13:15:22","13:15","Interest","0.31","PHP","1.0000000000","Investments","Interest","Union Bank","","","Reconciled"
"Expense","2022-08-31 13:50:30","13:50","Axie buy and sell","-3410.00","PHP","1.0000000000","Investments","Axie Infinity ","Ronin","","","Reconciled"
"Expense","2022-08-30 23:25:07","23:25","Axie buy and sell","-3440.00","PHP","1.0000000000","Investments","Axie Infinity ","Ronin","","","Reconciled"
"Transfer","2022-08-30 12:41:17","12:41","Maya to Seabank","10000.00","PHP","1.0000000000","(Transfer)","(Transfer)","Seabank","","","Reconciled"
"Expense","2022-08-30 12:35:57","12:35","Kimm (Balato)","-1000.00","PHP","1.0000000000","Leisure","Gifts/Treats","GCash","","","Reconciled"
"Expense","2022-08-29 23:13:57","23:13","Instapay","-15.00","PHP","1.0000000000","Bills","Transaction Fees","Maya","","","Reconciled"
"Transfer","2022-08-29 23:13:34","23:13","Maya to Seabank","-10000.00","PHP","1.0000000000","(Transfer)","(Transfer)","Maya","","","Reconciled"
"Transfer","2022-08-29 23:13:34","23:13","Maya to Seabank","10000.00","PHP","1.0000000000","(Transfer)","(Transfer)","Seabank","","","Reconciled"
"Expense","2022-08-29 22:03:10","22:03","Kimm","30.00","PHP","1.0000000000","Leisure","Gifts/Treats","Wallet","","","Reconciled"
"Expense","2022-08-29 22:02:39","22:02","Martys, Delight","-40.00","PHP","1.0000000000","Food","Food & Drinks","GCash","","","Reconciled"
"Expense","2022-08-29 19:10:07","19:10","Rune craft and sell","-500.00","PHP","1.0000000000","Investments","Axie Infinity ","Ronin","","","Reconciled"
"Expense","2022-08-29 17:32:50","17:32","Instapay","-15.00","PHP","1.0000000000","Bills","Transaction Fees","GCash","","","Reconciled"
"Transfer","2022-08-29 17:32:29","17:32","Gcash to Seabank","-10000.00","PHP","1.0000000000","(Transfer)","(Transfer)","GCash","","","Reconciled"
"Transfer","2022-08-29 17:32:29","17:32","Gcash to Seabank","10000.00","PHP","1.0000000000","(Transfer)","(Transfer)","Seabank","","","Reconciled"
"Expense","2022-08-29 15:17:03","15:17","Food","-800.00","PHP","1.0000000000","Others","Others","GCash","","","Reconciled"
"Transfer","2022-08-29 14:55:14","14:55","Maya Savings","-10000.00","PHP","1.0000000000","(Transfer)","(Transfer)","Maya","","","Reconciled"
"Income","2022-08-29 14:46:31","14:46","Maya Rewards","100.00","PHP","1.0000000000","Others","Promos","Maya","","","Reconciled"
"Income","2022-08-29 14:45:51","14:45","Maya Rewards","40.00","PHP","1.0000000000","Others","Promos","Maya","","","Reconciled"
"Income","2022-08-29 14:45:33","14:45","Maya Rewards","20.00","PHP","1.0000000000","Others","Promos","Maya","","","Reconciled"
"Expense","2022-08-29 14:43:55","14:43","Instapay","-15.00","PHP","1.0000000000","Bills","Transaction Fees","GCash","","","Reconciled"
"Transfer","2022-08-29 14:43:34","14:43","Gcash to Maya","-20000.00","PHP","1.0000000000","(Transfer)","(Transfer)","GCash","","","Reconciled"
"Transfer","2022-08-29 14:43:34","14:43","Gcash to Maya","20000.00","PHP","1.0000000000","(Transfer)","(Transfer)","Maya","","","Reconciled"
"Income","2022-08-29 07:08:00","07:08","Axie buy and sell","1000.00","PHP","1.0000000000","Investments","Axie Infinity ","Ronin","","","Reconciled"
"Expense","2022-08-28 19:33:22","19:33","Food and Drinks","85.50","PHP","1.0000000000","Leisure","Staycation ","GCash","","","Reconciled"
"Expense","2022-08-28 19:24:06","19:24","Food and Drinks","-1254.62","PHP","1.0000000000","Leisure","Staycation ","GCash","","","Reconciled"
"Expense","2022-08-28 19:13:12","19:13","Food and Drinks","-277.00","PHP","1.0000000000","Leisure","Staycation ","Wallet","","","Reconciled"
"Transfer","2022-08-28 19:10:31","19:10","Binance P2P Gcash","-39799.51","PHP","1.0000000000","(Transfer)","(Transfer)","Binance","","","Reconciled"
"Transfer","2022-08-28 19:10:31","19:10","Binance P2P Gcash","39799.51","PHP","1.0000000000","(Transfer)","(Transfer)","GCash","","","Reconciled"
"Transfer","2022-08-28 18:49:36","18:49","Ronin to Binance","-33328.00","PHP","1.0000000000","(Transfer)","(Transfer)","Ronin","","","Reconciled"
"Transfer","2022-08-28 18:49:36","18:49","Ronin to Binance","33328.00","PHP","1.0000000000","(Transfer)","(Transfer)","Binance","","","Reconciled"
"Expense","2022-08-28 17:41:27","17:41","Axie buy and sell","-500.00","PHP","1.0000000000","Investments","Axie Infinity ","Ronin","","","Reconciled"
"Income","2022-08-28 17:26:19","17:26","Rune craft and sell","39100.00","PHP","1.0000000000","Investments","Axie Infinity ","Ronin","","","Reconciled"
"Expense","2022-08-28 12:22:52","12:22","Coco Milk Tea","-220.00","PHP","1.0000000000","Leisure","Staycation ","GCash","","","Reconciled"
"Expense","2022-08-27 18:21:48","18:21","Bottled water","-52.00","PHP","1.0000000000","Leisure","Staycation ","GCash","","","Reconciled"
"Expense","2022-08-27 08:56:10","08:56","Onion, garlic, eggs, oil","-45.00","PHP","1.0000000000","Leisure","Staycation ","Wallet","","","Reconciled"
"Income","2022-08-26 18:38:14","18:38","Axie buy and sell","1450.00","PHP","1.0000000000","Investments","Axie Infinity ","Ronin","","","Reconciled"
"Expense","2022-08-26 18:24:44","18:24","Vitamilk, Martys","-74.00","PHP","1.0000000000","Leisure","Staycation ","GCash","","","Reconciled"
"Income","2022-08-26 18:23:22","18:23","Axie Selling Fee (Allen)","200.00","PHP","1.0000000000","Investments","Axie Infinity ","GCash","","","Reconciled"
"Expense","2022-08-26 14:23:02","14:23","MRT","-16.00","PHP","1.0000000000","Transportation","Transportation ","Wallet","","","Reconciled"
"Expense","2022-08-26 14:22:48","14:22","Bus","-143.00","PHP","1.0000000000","Transportation","Transportation ","Wallet","","","Reconciled"
"Expense","2022-08-26 08:32:19","08:32","Jed's Transient fee","150.00","PHP","1.0000000000","Bills","Rent","Wallet","","","Reconciled"
"Expense","2022-08-26 08:31:54","08:31","Transient fee","-317.00","PHP","1.0000000000","Bills","Rent","Union Bank","","","Reconciled"
"Expense","2022-08-26 07:33:29","07:33","Longgasilog","-50.00","PHP","1.0000000000","Food","Food & Drinks","Wallet","","","Reconciled"
"Expense","2022-08-25 20:31:30","20:31","Cheese bread","-56.00","PHP","1.0000000000","Food","Food & Drinks","Wallet","","","Reconciled"
"Expense","2022-08-25 19:35:52","19:35","Deli mondo corned beef silog","-99.00","PHP","1.0000000000","Food","Food & Drinks","Wallet","","","Reconciled"
"Expense","2022-08-25 15:22:35","15:22","Load","-81.00","PHP","1.0000000000","Bills","Load","ShopeePay","","","Reconciled"
"Income","2022-08-25 13:35:20","13:35","Axie buy and sell","460.00","PHP","1.0000000000","Investments","Axie Infinity ","Ronin","","","Reconciled"
"Expense","2022-08-25 13:22:56","13:22","Landbank e-Payment Portal","-17.00","PHP","1.0000000000","Bills","Transaction Fees","Union Bank","","","Reconciled"
"Expense","2022-08-25 13:22:07","13:22","New Dorm storage fee","-200.00","PHP","1.0000000000","Bills","Rent","Union Bank","","","Reconciled"
"Expense","2022-08-25 13:21:46","13:21","Jollibee","-120.00","PHP","1.0000000000","Food","Food & Drinks","Wallet","","","Reconciled"
"Expense","2022-08-25 13:20:57","13:20","Bulacan to Elbi","-273.00","PHP","1.0000000000","Transportation","Transportation ","Wallet","","","Reconciled"
"Expense","2022-08-25 13:20:35","13:20","Gcash cashout fee","-20.00","PHP","1.0000000000","Bills","Transaction Fees","Wallet","","","Reconciled"
"Transfer","2022-08-25 13:19:48","13:19","Gcash to Cash","-900.00","PHP","1.0000000000","(Transfer)","(Transfer)","GCash","","","Reconciled"
"Transfer","2022-08-25 13:19:48","13:19","Gcash to Cash","900.00","PHP","1.0000000000","(Transfer)","(Transfer)","Wallet","","","Reconciled"
"Expense","2022-08-24 10:17:38","10:17","Axie buy and sell","-1150.00","PHP","1.0000000000","Investments","Axie Infinity ","Binance","","","Reconciled"
"Expense","2022-08-23 22:20:38","22:20","Landbank e-Payment Portal","-17.00","PHP","1.0000000000","Bills","Transaction Fees","Union Bank","","","Reconciled"
"Expense","2022-08-23 10:20:29","10:20","New Dorm Accountabilities","-485.50","PHP","1.0000000000","Bills","Rent","Union Bank","","","Reconciled"
"Expense","2022-08-23 10:18:53","10:18","Axie buy and sell","-1550.00","PHP","1.0000000000","Investments","Axie Infinity ","Ronin","","","Reconciled"
"Expense","2022-08-19 10:24:00","10:24","Trading losses","-600.00","PHP","1.0000000000","Investments","Crypto","Binance","","","Reconciled"
"Income","2022-08-19 07:13:04","07:13","Axie buy and sell","1050.00","PHP","1.0000000000","Investments","Axie Infinity ","Ronin","","","Reconciled"
"Expense","2022-08-18 21:31:36","21:31","Zui","-50.00","PHP","1.0000000000","Leisure","Gifts/Treats","GCash","","","Reconciled"
"Expense","2022-08-18 19:06:49","19:06","Axie buy and sell","-1680.00","PHP","1.0000000000","Investments","Axie Infinity ","Ronin","","","Reconciled"
"Transfer","2022-08-18 19:05:33","19:05","SLP","-1500.00","PHP","1.0000000000","(Transfer)","(Transfer)","Binance","","","Reconciled"
"Transfer","2022-08-18 19:05:33","19:05","SLP","1500.00","PHP","1.0000000000","(Transfer)","(Transfer)","Ronin","","","Reconciled"
"Expense","2022-08-18 10:59:28","10:59","AWOL Fee","-242.00","PHP","1.0000000000","Education","School Expenses","Union Bank","","","Reconciled"
"Expense","2022-08-18 10:29:04","10:29","Tatay","-20.00","PHP","1.0000000000","Leisure","Gifts/Treats","Wallet","","","Reconciled"
"Expense","2022-08-18 10:27:55","10:27","In-game SLP","-1080.00","PHP","1.0000000000","Investments","Axie Infinity ","Binance","","","Reconciled"
"Expense","2022-08-17 10:27:18","10:27","Axie buy and sell","-480.00","PHP","1.0000000000","Investments","Axie Infinity ","Ronin","","","Reconciled"
"Expense","2022-08-17 09:28:43","09:28","Zui","50.00","PHP","1.0000000000","Leisure","Gifts/Treats","Wallet","","","Reconciled"
"Expense","2022-08-16 21:16:05","21:16","Daddy","-20.00","PHP","1.0000000000","Leisure","Gifts/Treats","Wallet","","","Reconciled"
"Expense","2022-08-16 18:39:33","18:39","In-game SLP","-200.00","PHP","1.0000000000","Investments","Axie Infinity ","Binance","","","Reconciled"
"Income","2022-08-16 08:17:39","08:17","Trading Gains","290.00","PHP","1.0000000000","Investments","Crypto","Binance","","","Reconciled"
"Income","2022-08-16 08:16:39","08:16","Axie buy and sell","868.00","PHP","1.0000000000","Investments","Axie Infinity ","Ronin","","","Reconciled"
"Expense","2022-08-16 08:14:52","08:14","Pancit Canton","-15.00","PHP","1.0000000000","Food","Food & Drinks","Wallet","","","Reconciled"
"Expense","2022-08-15 18:39:00","18:39","Daddy","-20.00","PHP","1.0000000000","Leisure","Gifts/Treats","Wallet","","","Reconciled"
"Expense","2022-08-14 21:37:06","21:37","Poco F3","-5000.00","PHP","1.0000000000","Shopping","Electronics/Gadgets","Union Bank","","","Reconciled"
"Expense","2022-08-14 18:01:50","18:01","Oxgn Cap","349.00","PHP","1.0000000000","Shopping","Apparel ","GCash","","","Reconciled"
"Expense","2022-08-14 15:35:35","15:35","Jeep","-13.00","PHP","1.0000000000","Transportation","Transportation ","Wallet","","","Reconciled"
"Expense","2022-08-14 14:52:06","14:52","Jeep","-25.00","PHP","1.0000000000","Transportation","Transportation ","Wallet","","","Reconciled"
"Expense","2022-08-14 13:45:08","13:45","FX","-40.00","PHP","1.0000000000","Transportation","Transportation ","Wallet","","","Reconciled"
"Expense","2022-08-14 12:39:37","12:39","Banapple","-340.00","PHP","1.0000000000","Leisure","Gifts/Treats","GCash","","","Reconciled"
"Expense","2022-08-14 07:24:27","07:24","7/11 Coffee","-125.00","PHP","1.0000000000","Leisure","Staycation ","GCash","","","Reconciled"
"Expense","2022-08-13 17:26:09","17:26","Savemore","-509.05","PHP","1.0000000000","Leisure","Staycation ","GCash","","","Reconciled"
"Expense","2022-08-13 13:28:44","13:28","SnR","-218.00","PHP","1.0000000000","Leisure","Staycation ","GCash","","","Reconciled"
"Expense","2022-08-13 13:23:59","13:23","Oxgn Cap","-349.00","PHP","1.0000000000","Shopping","Apparel ","GCash","","","Reconciled"
"Expense","2022-08-13 12:39:03","12:39","Burger King","-466.00","PHP","1.0000000000","Leisure","Staycation ","GCash","","","Reconciled"
"Expense","2022-08-13 11:08:57","11:08","Bus","-264.00","PHP","1.0000000000","Transportation","Transportation ","Wallet","","","Reconciled"
"Expense","2022-08-12 20:07:52","20:07","Bus","-132.00","PHP","1.0000000000","Transportation","Transportation ","Wallet","","","Reconciled"
"Expense","2022-08-12 20:06:46","20:06","Bus","-70.00","PHP","1.0000000000","Transportation","Transportation ","Wallet","","","Reconciled"
"Expense","2022-08-12 20:05:39","20:05","Tricycle","-20.00","PHP","1.0000000000","Transportation","Transportation ","Wallet","","","Reconciled"
"New Account","2022-08-11 21:15:42","21:15","Wallet","644.00","PHP","1.0000000000","(New Account)","(New Account)","Wallet","","","Reconciled"
"New Account","2022-08-11 00:00:00","00:00","Union Bank","10099.03","PHP","1.0000000000","(New Account)","(New Account)","Union Bank","","","Reconciled"
"New Account","2022-08-11 00:00:00","00:00","GCash","4830.38","PHP","1.0000000000","(New Account)","(New Account)","GCash","","","Reconciled"
"New Account","2022-08-11 00:00:00","00:00","ShopeePay","86.00","PHP","1.0000000000","(New Account)","(New Account)","ShopeePay","","","Reconciled"
"New Account","2022-08-11 00:00:00","00:00","Binance ","10730.00","PHP","1.0000000000","(New Account)","(New Account)","Binance","","","Reconciled"
"New Account","2022-08-11 00:00:00","00:00","Ronin","430.00","PHP","1.0000000000","(New Account)","(New Account)","Ronin","","","Reconciled"